MAPE,caule_dx_frac_w,dup_dist_frac_h,grupo_dist_cap_h,idx,imagem,predicoes,stem_frag_w_frac,stem_narrow_w_frac
9.116605616605614,0.01,0.035,0.1,46,D:\Visao\Projeto1\Guido\grid_folhas_finais_v2\ciclo1_inicial\grid_ciclo1_0046.png,"[12, 12, 4, 13, 11, 15, 8, 16, 16, 4]",0.04,0.032
9.116605616605614,0.01,0.05,0.1,48,D:\Visao\Projeto1\Guido\grid_folhas_finais_v2\ciclo1_inicial\grid_ciclo1_0048.png,"[12, 12, 4, 13, 11, 15, 8, 16, 16, 4]",0.04,0.032
9.238761238761239,0.008,0.035,0.1,6,D:\Visao\Projeto1\Guido\grid_folhas_finais_v2\ciclo1_inicial\grid_ciclo1_0006.png,"[12, 10, 4, 14, 12, 15, 9, 16, 15, 4]",0.04,0.02
9.238761238761239,0.008,0.05,0.1,8,D:\Visao\Projeto1\Guido\grid_folhas_finais_v2\ciclo1_inicial\grid_ciclo1_0008.png,"[12, 10, 4, 14, 12, 15, 9, 16, 15, 4]",0.04,0.02
9.238761238761239,0.008,0.035,0.1,14,D:\Visao\Projeto1\Guido\grid_folhas_finais_v2\ciclo1_inicial\grid_ciclo1_0014.png,"[12, 10, 4, 14, 12, 15, 9, 16, 15, 4]",0.04,0.025
9.238761238761239,0.008,0.05,0.1,16,D:\Visao\Projeto1\Guido\grid_folhas_finais_v2\ciclo1_inicial\grid_ciclo1_0016.png,"[12, 10, 4, 14, 12, 15, 9, 16, 15, 4]",0.04,0.025
9.525696525696524,0.01,0.035,0.1,30,D:\Visao\Projeto1\Guido\grid_folhas_finais_v2\ciclo1_inicial\grid_ciclo1_0030.png,"[12, 12, 4, 14, 12, 15, 8, 16, 16, 4]",0.04,0.02
9.525696525696524,0.01,0.05,0.1,32,D:\Visao\Projeto1\Guido\grid_folhas_finais_v2\ciclo1_inicial\grid_ciclo1_0032.png,"[12, 12, 4, 14, 12, 15, 8, 16, 16, 4]",0.04,0.02
9.525696525696524,0.01,0.035,0.1,38,D:\Visao\Projeto1\Guido\grid_folhas_finais_v2\ciclo1_inicial\grid_ciclo1_0038.png,"[12, 12, 4, 14, 12, 15, 8, 16, 16, 4]",0.04,0.025
9.525696525696524,0.01,0.05,0.1,40,D:\Visao\Projeto1\Guido\grid_folhas_finais_v2\ciclo1_inicial\grid_ciclo1_0040.png,"[12, 12, 4, 14, 12, 15, 8, 16, 16, 4]",0.04,0.025
9.598901098901099,0.008,0.035,0.1,22,D:\Visao\Projeto1\Guido\grid_folhas_finais_v2\ciclo1_inicial\grid_ciclo1_0022.png,"[12, 9, 4, 13, 11, 15, 9, 16, 15, 4]",0.04,0.032
9.598901098901099,0.008,0.05,0.1,24,D:\Visao\Projeto1\Guido\grid_folhas_finais_v2\ciclo1_inicial\grid_ciclo1_0024.png,"[12, 9, 4, 13, 11, 15, 9, 16, 15, 4]",0.04,0.032
9.94993894993895,0.01,0.035,0.085,45,D:\Visao\Projeto1\Guido\grid_folhas_finais_v2\ciclo1_inicial\grid_ciclo1_0045.png,"[13, 12, 4, 13, 11, 15, 8, 16, 16, 4]",0.04,0.032
9.94993894993895,0.01,0.05,0.085,47,D:\Visao\Projeto1\Guido\grid_folhas_finais_v2\ciclo1_inicial\grid_ciclo1_0047.png,"[13, 12, 4, 13, 11, 15, 8, 16, 16, 4]",0.04,0.032
10.072094572094572,0.008,0.035,0.085,5,D:\Visao\Projeto1\Guido\grid_folhas_finais_v2\ciclo1_inicial\grid_ciclo1_0005.png,"[13, 10, 4, 14, 12, 15, 9, 16, 15, 4]",0.04,0.02
10.072094572094572,0.008,0.05,0.085,7,D:\Visao\Projeto1\Guido\grid_folhas_finais_v2\ciclo1_inicial\grid_ciclo1_0007.png,"[13, 10, 4, 14, 12, 15, 9, 16, 15, 4]",0.04,0.02
10.072094572094572,0.008,0.035,0.085,13,D:\Visao\Projeto1\Guido\grid_folhas_finais_v2\ciclo1_inicial\grid_ciclo1_0013.png,"[13, 10, 4, 14, 12, 15, 9, 16, 15, 4]",0.04,0.025
10.072094572094572,0.008,0.05,0.085,15,D:\Visao\Projeto1\Guido\grid_folhas_finais_v2\ciclo1_inicial\grid_ciclo1_0015.png,"[13, 10, 4, 14, 12, 15, 9, 16, 15, 4]",0.04,0.025
10.359029859029858,0.01,0.035,0.085,29,D:\Visao\Projeto1\Guido\grid_folhas_finais_v2\ciclo1_inicial\grid_ciclo1_0029.png,"[13, 12, 4, 14, 12, 15, 8, 16, 16, 4]",0.04,0.02
10.359029859029858,0.01,0.05,0.085,31,D:\Visao\Projeto1\Guido\grid_folhas_finais_v2\ciclo1_inicial\grid_ciclo1_0031.png,"[13, 12, 4, 14, 12, 15, 8, 16, 16, 4]",0.04,0.02
10.359029859029858,0.01,0.035,0.085,37,D:\Visao\Projeto1\Guido\grid_folhas_finais_v2\ciclo1_inicial\grid_ciclo1_0037.png,"[13, 12, 4, 14, 12, 15, 8, 16, 16, 4]",0.04,0.025
10.359029859029858,0.01,0.05,0.085,39,D:\Visao\Projeto1\Guido\grid_folhas_finais_v2\ciclo1_inicial\grid_ciclo1_0039.png,"[13, 12, 4, 14, 12, 15, 8, 16, 16, 4]",0.04,0.025
10.432234432234432,0.008,0.035,0.085,21,D:\Visao\Projeto1\Guido\grid_folhas_finais_v2\ciclo1_inicial\grid_ciclo1_0021.png,"[13, 9, 4, 13, 11, 15, 9, 16, 15, 4]",0.04,0.032
10.432234432234432,0.008,0.05,0.085,23,D:\Visao\Projeto1\Guido\grid_folhas_finais_v2\ciclo1_inicial\grid_ciclo1_0023.png,"[13, 9, 4, 13, 11, 15, 9, 16, 15, 4]",0.04,0.032
10.655067155067155,0.01,0.035,0.1,42,D:\Visao\Projeto1\Guido\grid_folhas_finais_v2\ciclo1_inicial\grid_ciclo1_0042.png,"[12, 12, 4, 13, 11, 15, 8, 18, 16, 4]",0.032,0.032
10.655067155067155,0.01,0.05,0.1,44,D:\Visao\Projeto1\Guido\grid_folhas_finais_v2\ciclo1_inicial\grid_ciclo1_0044.png,"[12, 12, 4, 13, 11, 15, 8, 18, 16, 4]",0.032,0.032
10.777222777222777,0.008,0.035,0.1,2,D:\Visao\Projeto1\Guido\grid_folhas_finais_v2\ciclo1_inicial\grid_ciclo1_0002.png,"[12, 10, 4, 14, 12, 15, 9, 18, 15, 4]",0.032,0.02
10.777222777222777,0.008,0.05,0.1,4,D:\Visao\Projeto1\Guido\grid_folhas_finais_v2\ciclo1_inicial\grid_ciclo1_0004.png,"[12, 10, 4, 14, 12, 15, 9, 18, 15, 4]",0.032,0.02
10.777222777222777,0.008,0.035,0.1,10,D:\Visao\Projeto1\Guido\grid_folhas_finais_v2\ciclo1_inicial\grid_ciclo1_0010.png,"[12, 10, 4, 14, 12, 15, 9, 18, 15, 4]",0.032,0.025
10.777222777222777,0.008,0.05,0.1,12,D:\Visao\Projeto1\Guido\grid_folhas_finais_v2\ciclo1_inicial\grid_ciclo1_0012.png,"[12, 10, 4, 14, 12, 15, 9, 18, 15, 4]",0.032,0.025
11.064158064158065,0.01,0.035,0.1,26,D:\Visao\Projeto1\Guido\grid_folhas_finais_v2\ciclo1_inicial\grid_ciclo1_0026.png,"[12, 12, 4, 14, 12, 15, 8, 18, 16, 4]",0.032,0.02
11.064158064158065,0.01,0.05,0.1,28,D:\Visao\Projeto1\Guido\grid_folhas_finais_v2\ciclo1_inicial\grid_ciclo1_0028.png,"[12, 12, 4, 14, 12, 15, 8, 18, 16, 4]",0.032,0.02
11.064158064158065,0.01,0.035,0.1,34,D:\Visao\Projeto1\Guido\grid_folhas_finais_v2\ciclo1_inicial\grid_ciclo1_0034.png,"[12, 12, 4, 14, 12, 15, 8, 18, 16, 4]",0.032,0.025
11.064158064158065,0.01,0.05,0.1,36,D:\Visao\Projeto1\Guido\grid_folhas_finais_v2\ciclo1_inicial\grid_ciclo1_0036.png,"[12, 12, 4, 14, 12, 15, 8, 18, 16, 4]",0.032,0.025
11.137362637362639,0.008,0.035,0.1,18,D:\Visao\Projeto1\Guido\grid_folhas_finais_v2\ciclo1_inicial\grid_ciclo1_0018.png,"[12, 9, 4, 13, 11, 15, 9, 18, 15, 4]",0.032,0.032
11.137362637362639,0.008,0.05,0.1,20,D:\Visao\Projeto1\Guido\grid_folhas_finais_v2\ciclo1_inicial\grid_ciclo1_0020.png,"[12, 9, 4, 13, 11, 15, 9, 18, 15, 4]",0.032,0.032
11.488400488400488,0.01,0.035,0.085,41,D:\Visao\Projeto1\Guido\grid_folhas_finais_v2\ciclo1_inicial\grid_ciclo1_0041.png,"[13, 12, 4, 13, 11, 15, 8, 18, 16, 4]",0.032,0.032
11.488400488400488,0.01,0.05,0.085,43,D:\Visao\Projeto1\Guido\grid_folhas_finais_v2\ciclo1_inicial\grid_ciclo1_0043.png,"[13, 12, 4, 13, 11, 15, 8, 18, 16, 4]",0.032,0.032
11.610556110556109,0.008,0.035,0.085,1,D:\Visao\Projeto1\Guido\grid_folhas_finais_v2\ciclo1_inicial\grid_ciclo1_0001.png,"[13, 10, 4, 14, 12, 15, 9, 18, 15, 4]",0.032,0.02
11.610556110556109,0.008,0.05,0.085,3,D:\Visao\Projeto1\Guido\grid_folhas_finais_v2\ciclo1_inicial\grid_ciclo1_0003.png,"[13, 10, 4, 14, 12, 15, 9, 18, 15, 4]",0.032,0.02
11.610556110556109,0.008,0.035,0.085,9,D:\Visao\Projeto1\Guido\grid_folhas_finais_v2\ciclo1_inicial\grid_ciclo1_0009.png,"[13, 10, 4, 14, 12, 15, 9, 18, 15, 4]",0.032,0.025
11.610556110556109,0.008,0.05,0.085,11,D:\Visao\Projeto1\Guido\grid_folhas_finais_v2\ciclo1_inicial\grid_ciclo1_0011.png,"[13, 10, 4, 14, 12, 15, 9, 18, 15, 4]",0.032,0.025
11.897491397491397,0.01,0.035,0.085,25,D:\Visao\Projeto1\Guido\grid_folhas_finais_v2\ciclo1_inicial\grid_ciclo1_0025.png,"[13, 12, 4, 14, 12, 15, 8, 18, 16, 4]",0.032,0.02
11.897491397491397,0.01,0.05,0.085,27,D:\Visao\Projeto1\Guido\grid_folhas_finais_v2\ciclo1_inicial\grid_ciclo1_0027.png,"[13, 12, 4, 14, 12, 15, 8, 18, 16, 4]",0.032,0.02
11.897491397491397,0.01,0.035,0.085,33,D:\Visao\Projeto1\Guido\grid_folhas_finais_v2\ciclo1_inicial\grid_ciclo1_0033.png,"[13, 12, 4, 14, 12, 15, 8, 18, 16, 4]",0.032,0.025
11.897491397491397,0.01,0.05,0.085,35,D:\Visao\Projeto1\Guido\grid_folhas_finais_v2\ciclo1_inicial\grid_ciclo1_0035.png,"[13, 12, 4, 14, 12, 15, 8, 18, 16, 4]",0.032,0.025
11.97069597069597,0.008,0.035,0.085,17,D:\Visao\Projeto1\Guido\grid_folhas_finais_v2\ciclo1_inicial\grid_ciclo1_0017.png,"[13, 9, 4, 13, 11, 15, 9, 18, 15, 4]",0.032,0.032
11.97069597069597,0.008,0.05,0.085,19,D:\Visao\Projeto1\Guido\grid_folhas_finais_v2\ciclo1_inicial\grid_ciclo1_0019.png,"[13, 9, 4, 13, 11, 15, 9, 18, 15, 4]",0.032,0.032
